Features,MAE,RMSE,R2
"('GrLivArea', 'HouseAge', 'OverallQual')",24857.337511787377,33146.29466027031,0.7819367639649952
"('GrLivArea', 'OverallQual')",26876.90006739467,36680.20377625591,0.7329602218352878
"('GrLivArea', 'HouseAge')",28549.957170302696,39241.89970849431,0.6943583566325789
"('HouseAge', 'OverallQual')",30601.038558390337,41368.499297738934,0.6603340506305401
"('OverallQual',)",31645.485633194825,42707.795962980694,0.6379848068218433
"('GrLivArea',)",34626.9839907459,48859.62435511467,0.5261807221457664
"('HouseAge',)",43424.2498435997,61378.69725136573,0.2522648238421328
